id,title,price,link
177463193141,NEUES ANGEBOTGuild D-140 Dreadnought Akustikgitarre Antique Burst Finish mit Gigbag,"CHF 397,86",https://www.ebay.ch/itm/177463193141?itmmeta=01K6QYQS5130DFX7E1R97C03K8&hash=item2951a16e35:g:JMEAAeSwavdo4S9-&itmprp=enc%3AAQAKAAAA4MHg7L1Zz0LA5DYYmRTS30mAzIArqbifse2%2B4yVtZZO831%2F7h0zrWCU%2FtcTpNS0R6bDEKqKi6ekXXJUOrMlShMwtc%2FEDJue2GaQ5CRDbEAoIEhuix%2FW%2FICDqs4yKJJWIvwryK9nIZ8TqssyzKcTD4RDUK3DcfU3MajWmR8vqcjiJerMRU3nYvt9GGNflfsuMzEGvRHNcz0F6TjZ69bdHNtabiRgQ%2BHadWVE%2B%2B5%2FPdEHWKaJDvUr7AQiPnzQc5k9k3AtYoQZiOU9%2Be8W9%2BZyofukfYBw2f3N9E5Y0xBs271Ps%7Ctkp%3ABFBM1JLf_rVm
236345158701,Crocs Ghostbusters Classic Clog alle Größen Herren Unisex 211414-90H NEU mit Etikett,"CHF 90,71",https://www.ebay.ch/itm/236345158701?itmmeta=01K6QYQS51KFQFASX0SP0GWAPZ&hash=item370744ec2d:g:q0kAAeSwr3Bo0upl&itmprp=enc%3AAQAKAAAA4MHg7L1Zz0LA5DYYmRTS30mpAYZhhxVowApfO6iYRDS9iUMtx9NGiljrAeAnkYNrxAmydAZbFGIVn9eRmzhzKDCM%2BysUnlvnUQxKhYRlzIQI3d7caUQtcpvu36LpxH%2B5m9eKXx3iycIPWg4jNAUnWA%2BNdBCh7EbDjXY6NJh2GMKLcao76B%2FO6tfsg6aM6E%2BmaXWkCSML9ef7CyP1xSrijUBD3Ot6Ce3dfHHQsc2wua3wCzxYFw291WRZFubcQfNp847CAD7UgefwBB6yRxXOHiKnwlWufaruJwfPdqsz5voZ%7Ctkp%3ABFBM1JLf_rVm
226150047430,Sunburst J200 Jumbo Akustikgitarre massive Fichtendecke Hohlkörper Gold Hardware,"CHF 254,02",https://www.ebay.ch/itm/226150047430?itmmeta=01K6QYQS51G824R9QFQD668G6J&hash=item34a797dec6:g:LOMAAOSwLgBl8pOh&itmprp=enc%3AAQAKAAAA4MHg7L1Zz0LA5DYYmRTS30kjox46ej12imfZDgttMgO3riakMPFZ%2BvjGQFu%2BbqutMyV6oiF7l5tt1vAWcCcxxaEkbpu9q7sdjOXzJ2vQiF969CE7MtIB%2BMUm2ba33vLSq38sgWkinXLssEYHcua8xY3dQMqtOSpp403jvi0sWWEb7BMwVs%2FtEJb3KG9B2w3mV9ECM%2FsrfJyvfTO4JlXFCvq0%2BOXr0EyBPWsky7NnfSGFIxkbXKlMJ6WqNFxt3tlgrsQFiSCYiGu5813GniM9lgLUP5CsaQpciivHMScoOwT3%7Ctkp%3ABFBM1JLf_rVm
376530670530,Yamaha FS800 Konzert Akustikgitarre mit Zubehör,"CHF 254,66",https://www.ebay.ch/itm/376530670530?itmmeta=01K6QYQS51MN15TY464J4KQQ99&hash=item57aafa13c2:g:AhUAAeSwuopou5jl&itmprp=enc%3AAQAKAAAA4MHg7L1Zz0LA5DYYmRTS30nXm1BtCdjKcgO1a6Ei6xFZiL8eEheAP7RXyxCoa556nBXbHw5NsnF5EkotkXQhzv3Av8l26b5SEK%2BkBm%2FeFzEOrquwvIT4y1k2mBTudWIZ6i9n%2BlPvoEKzCAjhnVFcQPfwQIVk5gnzxKqnjyodTxWGlkSicoSmSKutBjvqVJPJDI3S7tjeYwRHvKrtTjU0KPrXH70kvA2G%2BXaX%2Ffou1GoFRbEH3v%2BANHHfjwxSSzYswYxO5sBcv6GmD80%2F9q7cOScJXd6g64J908We8GPC5Ulp%7Ctkp%3ABFBM1JLf_rVm
304483178724,30 Zoll Anfänger Akustikgitarrenpaket - Starterpaket Kit & Zubehör,"CHF 45,35",https://www.ebay.ch/itm/304483178724?itmmeta=01K6QYQS51TT0Q58031Y95YK2N&hash=item46e49c98e4:g:XegAAeSwDeVoL04U&itmprp=enc%3AAQAKAAAAwMHg7L1Zz0LA5DYYmRTS30kYybHlWcVRjAFjXikv%2BTzSpHt7h2irfcQjVyZSvDoPI6tFOMRWV87gxf1s3nhbz%2BinKPlUOQklMOUInAFxpa2olw1V7Oo4hmQ0eF3v%2BJ3LmP5RvP1J57oNvgfk29sIRrVgXIqkOjvjSP7s1I3Yjh%2BTFSBgExKvX3E%2B4upTcVftfiv46g2u2P88l86FQiEJN30IwSXq2Ktu0EABfYXgdIwo8nriNubTE0U8LlSa7W6Ykw%3D%3D%7Ctkp%3ABk9SR9SS3_61Zg&var=603508064051
177455828750,Martin LXK2 Koa Little Martin Reisegröße Akustikgitarre mit Gigbag,"CHF 318,28",https://www.ebay.ch/itm/177455828750?itmmeta=01K6QYQS510MF519G64JG71YCD&hash=item2951310f0e:g:woMAAOSwEX1oI1Oa&itmprp=enc%3AAQAKAAAA4MHg7L1Zz0LA5DYYmRTS30nXvg0xmqNst%2FEsPHaz0JR4aNB2DM08E04Ny5aOKxoeKwSlRpzfCsmsIsZQ%2Bc0%2FXUZ7GXU%2BWu%2B42%2BSz2o2HYSL212ZSHfUh0kX3Ei%2BprOZoA%2Fg5QILkbwY4W5eqFisctxBHs0tdDyKe0SudHMQtAPbqn2Un7chfa3JhzlVTmtrDWaHKLiwNXO80qmfJVs5cXtauF05QJdZm1ZxF5zDASuDuWX8vW1Rntp9illitHcLmm%2F4fCPjZIaHvEK2zN0HEFzNtStVgO6zY2AA4kOUSOSLI%7Ctkp%3ABk9SR9SS3_61Zg
167836964011,NEUES ANGEBOTFender Paramount Ps-220E Parlor 3TVS akustische Elektrogitarre,"CHF 643,64",https://www.ebay.ch/itm/167836964011?itmmeta=01K6QYQS51SAV64MBX2X7NPEBT&hash=item2713dcd4ab:g:1JsAAeSwQq1o4Tzi&itmprp=enc%3AAQAKAAAA4MHg7L1Zz0LA5DYYmRTS30ml3Dbq3wP3sayjOchQN4iSNaR%2BlDJGnbZxGs4BZE%2BPYe%2F5MUFQBuv4hU1h33sBKkytFQlz1ZEZaaYAnReyO2YquDVDJMHmND6H%2BnbpYnlEja%2FvDhIcMA%2BYscZmRjMUSPIM8utUBZLkVtArZAk8M37ZnewV1AjEayMlXdYj%2FQQg%2FG2f49U3cNCl4hf8BFbY0aqDUu72CKOuVG%2Fn3KKGMPw1jfaTdWUUEoCYI3GljnwM7X%2Bo3y1p9K172IlyTKwSc%2FcSXzA7YNRlgXzG2JrgC%2Flp%7Ctkp%3ABk9SR9SS3_61Zg
373235456974,Anfänger Akustikgitarre Paket - Starterpaket Kit & Zubehör,"CHF 49,33 bis CHF 53,31",https://www.ebay.ch/itm/373235456974?itmmeta=01K6QYQS51SYRC8R23XQ5GXYKD&hash=item56e6911bce:g:tzcAAeSw6rloL04q&itmprp=enc%3AAQAKAAAAwMHg7L1Zz0LA5DYYmRTS30miV1PjeUwX%2FxsjcYjZkvOnCADcz0PKNZLeBh0xD5%2Bsf3l5h3sXk5S7AHwMFFyxTe8QCyxds2xfqtfZLQ3SBBkzrQED%2B6xSsF%2FfLl%2FBSpp1CAKIv%2BC2BkIdlDnjQhUPjvdZaBiJFjIqwJx2yvLRYDT9n%2FT8sXILPvnCAkZnvA4fqgp8M7sqnWRE%2BarAnlqk96YRQcO%2BNO9H61abbz6rp%2Bv8Dtil4s778x2krz1rt9hG2Q%3D%3D%7Ctkp%3ABk9SR9SS3_61Zg&var=644121225835
406128904590,PSA 10 Venusaur Charizard Blastoise 9 Set Pokemon Karte 151 AR SAR Japanese no sq,"CHF 1.032,95",https://www.ebay.ch/itm/406128904590?itmmeta=01K6QYQS51DQHX2GD1ZP76JP9T&hash=item5e8f2b498e:g:ubQAAOSwcJ5m4bIf&itmprp=enc%3AAQAKAAAA4MHg7L1Zz0LA5DYYmRTS30lui1v4MvbdovMRw0XMJ7XFrkSfXnokA4igrCiZmbsIlq0VwTYSTVz7tK4cUaQMVwIydx9vcN2djuO4KJTYf1Ox3i4a4Y52lwGyZ2kWxJvuNRdPkb3IXmUTRWDpE5cZ6Sw84q8TPN0D7MdPDQFfLW4BhHzbSBlHC0ZLNihtyiLXWToT0wxDtG%2FxJNeR6dNr2arNDiY6W%2BNhAb%2FCpsud3YZ4aZapRKV0FIsdgFuTY5zwKqOBkjQuERXSNFBL7xu2UzOERaOwFu3p3SS5i3CGCbs4%7Ctkp%3ABk9SR9SS3_61Zg
167815970422,Crocs Friday the 13th Classic Clog Herren Multi Größe Unisex Jason Vorhees NEU,"CHF 79,54",https://www.ebay.ch/itm/167815970422?itmmeta=01K6QYQS51GGK3QMSSQX44SBKF&hash=item27129c7e76:g:Pb4AAeSwm9do1Zlp&itmprp=enc%3AAQAKAAAAwMHg7L1Zz0LA5DYYmRTS30krD042o4j3KULHQaLW%2FRXaSl%2FCsRVK5lr59snOKDZh6rewhTvVcpUtHC60J6u%2FygyDE4YcCJQMaRRjQO9UcLOTWynkFwiuU01kHylP3ktwxEojegVl%2F58dbrOKe15BDJzqCzbgKA1RyBbZCdzKmymUbRQdhY8IrsZWsklAdL%2BXdOJbpIUHZ4rxY5wBiWnVx119rnehKew6Hz5mGVEpnGy1sC1oTAEY0Q4%2Bge41gGhwlw%3D%3D%7Ctkp%3ABk9SR9SS3_61Zg&var=467378827750
326729588313,Insalaco Archtop Cherry Burst 2010,"CHF 696,32",https://www.ebay.ch/itm/326729588313?itmmeta=01K6QYQS51FVMNEGG26T1E7ZKS&hash=item4c1299de59:g:C28AAeSwEOJonKyj&itmprp=enc%3AAQAKAAAA4MHg7L1Zz0LA5DYYmRTS30lzQoMTK68vRCDjN7vkk0Z1C8DdmSHrw0IUDyo8j586bPZhd2AgPOUCZgm%2B9EYgl8QUhkULEt3s19G1CDDoFvd4kNTPKOyPx5gmtWpY%2BfIrhmnABJkoWm%2Fzt6MhLwdBLeJhF%2FZATdMjaAlTv46toPZ3zmD42nFKmaQmpd0xeqJOhQmZx5LqKQfSDo%2Fr1oS18rVqUwIDXdstodsq2edQIvwcAi%2Fsf4ODxS93byzzk9bp4KOVrenCt%2BA8SYYzl%2BZd%2Fc5kOoLwCiEQk7WNvey%2BcGxO%7Ctkp%3ABk9SR9SS3_61Zg
326791900708,First Act Kassettenspieler Kunststoff Akustikgitarre,"CHF 15,88",https://www.ebay.ch/itm/326791900708?itmmeta=01K6QYQS51P23D7MPDWVS2PBVV&hash=item4c1650ae24:g:7iAAAeSwDt5o2Di1&itmprp=enc%3AAQAKAAAA4MHg7L1Zz0LA5DYYmRTS30lwAqhNSEVSGddJqf%2BiG2jfbsS4%2BGIf%2BanGqkgOMIY5ujZtzVkQZzyJmpcoWdotdf3nelFssOZ6BcxhASqvoKA4hedZL9trX2X63CkMxQPxHXbW2eDqdExkzce0SGm64cHPyVq020eC%2Fr2jreRIT6hOdvM2nUFPjULnSccvD%2BsgsaYmU21HBEYO0%2B5dm%2BQM7Ir80juDSULHQRIxyQAcRp9nYfjQABUavCWvyltUYU2nwoA6aCSKjxZFGIfyuXvXBtmrXshuAU8pyEmDCeEHDz7%2B%7Ctkp%3ABk9SR9aS3_61Zg
167780490908,Crocs South Park Clogs ALLE GRÖßEN Towelie Randy Kenny Cartman Herren Unisex NEU,"CHF 91,51",https://www.ebay.ch/itm/167780490908?itmmeta=01K6QYQS514JWQAH48GKQGKXYA&hash=item27107f1e9c:g:blcAAeSwDpZowHAv&itmprp=enc%3AAQAKAAAAwMHg7L1Zz0LA5DYYmRTS30mTAdCYcy31Y7oHAjR%2FVw%2BriT6UD3ZQ6XbD3HpOggijrimYXzl5%2FR5zwzQyn6%2BFqbzQMF%2FrTCeFttBVwiWDSAvbK2%2BBMdyb0Zt6V8Wk2cqpKSJipwmHujTvNu6pxHcrZWZeucNLOPuWPb0dQkG74oMdbQom0CJbWA%2B8fdYqG2FvI%2BEGLBBWC8J7OM6qj9IwcoqiAEO%2F1AGGuy%2BvTBsb4pY%2BH5RAu%2FK6vPp8wfg%2FTfet0w%3D%3D%7Ctkp%3ABk9SR9aS3_61Zg&var=467357836674
177299893236,OM42 Akustikgitarre E-Gitarre massive Fichtendecke Knochen Nuss Palisander Griffbrett,"CHF 293,65",https://www.ebay.ch/itm/177299893236?itmmeta=01K6QYQS51TXB0FDK96FWERFCS&hash=item2947e5abf4:g:6nwAAeSw1rhoiGbp&itmprp=enc%3AAQAKAAAA4MHg7L1Zz0LA5DYYmRTS30m1md27JKgi27m3zd8oNzw92QHm4780roFWv%2BzwEFwpbOZt3S9zU9nc7NUJd7cvmiXXDiERfWhqBDH9zLFW%2F1YaoqkxQo8RKCBkEEzb5EWIXlmnE4rnCbaSGvJkXrl4zbhri2mwE1dapMHm5at2pb%2F3pZI9z688pAtnFI3e%2FzaUjnAF6Cpf1eFc412wXP7dtUl%2FVcCjSWm5DHEELduY4Lu66FyKGxiIF2ZVf9c250eoRpmrqw9mTssJPsmsLg2QC2B3NzZOw0PKIpFEwhwlgnW7%7Ctkp%3ABFBM1pLf_rVm
135490070536,Natürliche J-200 42 Zoll akustische E-Gitarre massive Fichtendecke geflammte Ahorndecke,"CHF 256,14",https://www.ebay.ch/itm/135490070536?itmmeta=01K6QYQS512T1RTYX762C7ZKJW&hash=item1f8bd66808:g:pAsAAOSwKRtnf5HK&itmprp=enc%3AAQAKAAAA4MHg7L1Zz0LA5DYYmRTS30l%2FswN5vFwmRJy56dZmOiH6ZOcKiXZt1BHokdSKxbTVupUWRIqIz3FVZ9%2FVhxXn6d%2B5%2BacD5wNQq2Itd1tDrxapYxP4boDbBF79fi%2B2G6mRp2sp6zH4RaWlGe5LISbZneCXRm%2FiRUMx1ZoCLtpIChPm3huuYQhmy4CykM88QlC%2BwE1%2BOWeK%2BEVnOdQU0jOZr5wHfhnKta1uR%2FPfAYBZmIyANAqaPTswwPBAeXE1wiqg7TjNLs4%2BQCM%2FddWfYH4uB78AQ1Q0KEN4yQPCgqrZHlHT%7Ctkp%3ABFBM1pLf_rVm
326645230974,2023 Alhambra 3CCWE1 klassische Akustikgitarre,"CHF 795,79",https://www.ebay.ch/itm/326645230974?itmmeta=01K6QYQS52DQ4ZM4E142HT51RG&hash=item4c0d92ad7e:g:zcEAAOSwCFxoUcWJ&itmprp=enc%3AAQAKAAAA4MHg7L1Zz0LA5DYYmRTS30l2u3Fe4%2FeWxwhj2IhtU7f%2BAbtQTEIc4cq2MGbe0WjdIHFk8n2jNCLuDwcdIvxHX%2FugHEnTqRTHAkjWUa0N5zcFNIfkOfqir0cVnBntdaxZTN3iXvnAuNbJLYpJZNxqhXYvS7thsphbqiurtNBVjyPPxcRQoikly7gnrPRR3sxyZzxJmK4WURYOv1kF9piaIvfQps31FCEMq4gjjIIMTCuUGjm5CiOC%2BCridTu9Vnpqb7bJEqkQzsljTMjLRKc8r9HrhJTdRejHQ8DNyAzcb0Fj%7Ctkp%3ABk9SR9aS3_61Zg
256746782227,Evermore Album Taylor Swift Akustikgitarre ❤️ NEU **VERSAND SO SCHNELL WIE MÖGLICH** TS Fan Merch,"CHF 477,47",https://www.ebay.ch/itm/256746782227?itmmeta=01K6QYQS52CEPZGQHQADEPFHPP&hash=item3bc74cfe13:g:i6kAAOSwjnhnWTS2&itmprp=enc%3AAQAKAAAAwMHg7L1Zz0LA5DYYmRTS30nnrLK6reW2%2FEP56xlLEMtA1eDsc4%2FjTVuxxNzujFnkrS2Yl5kwhl06zMbxTs80y6CzEmZlMpXK7isi10%2B03EETnUSYUWEdRxIADbHs5%2FiSlsYiyuSdthylIHIsA10ZocOcgm3toUP9kjYjhFY5K15uSH8g7jPCCv4BMFsvr0WnMPvfZyZwDqu9w5ebd8kFRDRBeWAOHEKTsv9pMv91g%2BzG%2BhZn%2FlSWMpkI9T21AsQjMg%3D%3D%7Ctkp%3ABk9SR9aS3_61Zg
321817520238,Akustikgitarre Pick Guard - Wählen Sie Ihre Farbe von Long Beach Music,"CHF 5,53",https://www.ebay.ch/itm/321817520238?itmmeta=01K6QYQS52A7VT9TFGW1ESPJJD&hash=item4aedd1a86e:g:fG4AAOSwy4heiSKb&itmprp=enc%3AAQAKAAAAwMHg7L1Zz0LA5DYYmRTS30nupCUqwVPZi5pLo5%2FsCYUDixlCm2GKAdQ3myDiUXqSts1zurKZQTjam5FVZKV%2FJA%2BPX08vpJJaOc%2BygknxG06H2AQVFVpyKmkF9SBXUKEhEmdabqvT1vJVJ5EWtlTVVD3ojM8QVRzPNpMAgT%2BZJDAgA2p3Q1WMUOMqfS6%2B6ijoJDc3sqidL58qX1J24nzow09kJKqnOPMhPlP3gi%2BDx4mlAvvEZNFkFev3KPboQ7wbUw%3D%3D%7Ctkp%3ABk9SR9aS3_61Zg&var=510744679527
267423629627,"Johnson JG-100 Full Size Folk, Stahlsaite, Akustik Studentengitarre Dark Walnut","CHF 86,74",https://www.ebay.ch/itm/267423629627?itmmeta=01K6QYQS52KJBBKP2YAWBXYFDZ&hash=item3e43b0c13b:g:LJAAAeSw8plo3qCk&itmprp=enc%3AAQAKAAAA4MHg7L1Zz0LA5DYYmRTS30lv%2FAL4vcf5vAOihDzsx42OqnXXJY9dOtzkuvUhvJkzhruNdaFIxJ7%2B4MtHPZ9SSY6SWPDZPpeFI4QxsIjYI1i0MM44aHZjHhSMOLwVZjWvxJTLLbV10gKMRlAwxM74%2FXgIGFadfoTjvswmLzQlA0saSzDSOGu69PSBE8NOBbJsz6DmbXKkvGmDOLCTsdyBlGBHyxWFWY6Go6yjfvpn3%2Bq4pWywVeuKgCGRWryIma6QMge1jrMZPKpbjjMw4AxkAbgVRodctvh65FRIs5JqZb8k%7Ctkp%3ABk9SR9aS3_61Zg
177461843102,NEUES ANGEBOTOvation 1651-7 2005 596555 gebrauchte Akustikgitarre,"CHF 2.265,38",https://www.ebay.ch/itm/177461843102?itmmeta=01K6QYQS52P673FC5AQMKCNERE&hash=item29518cd49e:g:sfQAAeSwxT1o4ITZ&itmprp=enc%3AAQAKAAAAwMHg7L1Zz0LA5DYYmRTS30k5asu2Uw699tmx5Zfbm1JUC17XDuXw5Cs7pEDT7b5IkjBK%2FkFMukZYpaEG6aii7UDFdfHTr2kvUWly7yQQ9FoKA9xSu6OoOfJMkj45jm5%2Bf%2Bu%2Bn7AEa9%2B7ugO3w3UAVP%2Bnx1vkCHFIKoGnHeRfLyrmVeoanx5Az6oFpJbxEP%2FRgfYedwTSGX3P%2FZvjyks1R059zoCjeJuDUfky5YBtPiakoTRPkwP5rdsWd115pLF9LQ%3D%3D%7Ctkp%3ABk9SR9aS3_61Zg
326450556276,Brandneu limitierte Auflage offizielle Taylor Swift Liebhaber Gitarre #5361,"CHF 716,22",https://www.ebay.ch/itm/326450556276?itmmeta=01K6QYQS527R6WA0G32K75QJTP&hash=item4c01f82d74:g:6kMAAOSwJf5ntP6m&itmprp=enc%3AAQAKAAAA4MHg7L1Zz0LA5DYYmRTS30n%2BgjFw4hJE6BVpHWK%2BiEWH%2Fx6TfzEUoDqjnWBI1vVy1Il%2BSv%2FtbVxDsOq2%2FFNLPxJFwmqnsvxWT4mVNZsScqCxKI0JM76iDgkxT1ePhlvACfFQ8NNx8WagJXPpExQuEmQqiqr0ZAeZwiDGhh2uIIJl6F6i17k6vS51HDRrcFKcB2suoSEo%2FynY3uudEiGrzDkDPu0ZpDqk4hWJt3uITcaGSAnSmPxt0jVacQk8bK0w0%2FCMi5eb%2Fc64PNuP4FWk27kGzR4Z3xcFXxdqu6gFn71h%7Ctkp%3ABk9SR9aS3_61Zg
236322252808,Alvarez MD60 Herringbone Dreadnought Akustikgitarre - Natur,"CHF 516,47",https://www.ebay.ch/itm/236322252808?itmmeta=01K6QYQS52BH1SNK4A36M3FPRN&hash=item3705e76808:g:LDAAAeSwQ5lo2qtu&itmprp=enc%3AAQAKAAAAwMHg7L1Zz0LA5DYYmRTS30kfHgbLnu4fe41CzIYPy2dkgyi07S622Dv7z6Ps1f0XPu9LlDf%2BlaZGi91khGHhSiGLu6M0rkD4g7FE9aqfv9yTeKGGy2mmSTcUCiVQeFPtm3EKRbo3Bx7Rhqo4VyBXDKZTxiOMrvgSi8L0B6B5ny5OEqfLeQ3JoMa6LwPqA649wFNFTnO1TkdWGR%2B9MYlFuIufhQUkeGbAupchfgySBL1RzeLr1vM9cxP28wsmv463eA%3D%3D%7Ctkp%3ABk9SR9aS3_61Zg
127378202627,Vintage Crescent handgefertigte Akustikgitarre Holz Sunburst toller Klang neue Saiten,"CHF 71,62",https://www.ebay.ch/itm/127378202627?itmmeta=01K6QYQS52B5V1H8ZG66JNARZN&hash=item1da8552003:g:0J8AAeSwCYZozJcf&itmprp=enc%3AAQAKAAAAwMHg7L1Zz0LA5DYYmRTS30lcWeAqK5XXtVt9vWfN8WuIUTPNxT9xgCHzfgIXYD0tUX8TaQ2jM6PQ7J6gAxxHb%2Bq3hLhZlMtzUghNnOcHbxuRn%2Bs7JeJLtbaDPVuUsfPJZ0DFub9%2F81a%2FzSidkmOGJR9K3m40AjjUomutNWX%2BurI7DYnCwXmq9izI1NhJO7YGkHw9xJd%2BchKcRfubqZQWKG82Lc829yjDv0miOZUka0qDjLkIDJouhs4oG0ZQi%2FvXcg%3D%3D%7Ctkp%3ABk9SR9iS3_61Zg
226820563777,1999 Bourgeois Jumbo Orchestra Akustik-E-Gitarre,"CHF 2.626,13",https://www.ebay.ch/itm/226820563777?itmmeta=01K6QYQS529KQEVWKA616FK39X&hash=item34cf8f2341:g:Ia0AAOSwH11oUcWE&itmprp=enc%3AAQAKAAAAwMHg7L1Zz0LA5DYYmRTS30moEEvn9FngH5KRkqxc0QrxgdwfWhgjZ4YrW6Wzp8JwrrAHIWOlFDje7Z0nqgxStRo2k2h3oqwUhT2SCJ483oi9iJSjdPN6%2FLOfCLEUopk6RPBb6HDfndxZnPVWy2aCaWQoUl1WeiZM1zqfjvrK5qQrtQGWD3oApVM%2BLWYyKl2dt0DB6tCtYSfjZ6gnm8IIc3PFaLXJuVMsosMCMMnVEfaPk1gzuDi5B9m9EAVNPSCRtQ%3D%3D%7Ctkp%3ABk9SR9iS3_61Zg
177430175381,"Gibson J-185 EC Modern Rosewood〈/2,1Kg〉 gebrauchte Akustikgitarre 2021","CHF 2.243,71",https://www.ebay.ch/itm/177430175381?itmmeta=01K6QYQS52XS7Y784JYK53MNP9&hash=item294fa99e95:g:0~IAAeSwF8Bo0JAZ&itmprp=enc%3AAQAKAAAA4MHg7L1Zz0LA5DYYmRTS30nWz8MI1yw5K1cnC%2FbgNut8HVghXS5mkRHqH9H%2B1L9UMpj9Jg3WwnDhZv3PHaTM0mOaxwtpseAO4yQtWu77v9Xp9it7rCsDLuvxRUYPuP3a%2BUKhzLXBv4fYoknkaDONWrQkatkJeFL%2FBeEe46lr2QJ1DOz4UMwNyHxvkjWe%2F7QoAJPIL5ylAKn2mcggj5upJHqGERKH8326VgzEAYmgbXP3Svoc5dYZEbf6AxhqbbqFr5i1RASJan5rIAGH1ROS3xRlr7eEtwQ33sBL7jLDLk9V%7Ctkp%3ABk9SR9iS3_61Zg
21042567653,Recording King RO-318 Mahagoni 000 Akustikgitarre mit Deluxe Adirondack Top,"CHF 397,86",https://www.ebay.ch/p/Recording%2DKing%2DDeluxe%2DAll%2DSolid%2D000%2DAged%2DAdirondack%2DSpruce%2Dand%2DMahogany%2DGuitar/21042567653?iid=146676466553
365867414650,GIBSON GUITARS SIGN - datiert 1996 - zeigt DETAILS der LIMITED EDITION Elvis Gitarre,"CHF 23,87",https://www.ebay.ch/itm/365867414650?itmmeta=01K6QYQS52AXW8QFBE7ZJFVKQM&hash=item552f65b47a:g:JvAAAeSwj2VoyhT3&itmprp=enc%3AAQAKAAAA4MHg7L1Zz0LA5DYYmRTS30nQ9m7nvsP%2BTfv3VEVVpwrS9oI0b4ZzXcadMVCNgV4XsCLpe%2FMxYFyhcGHCE7S9bGokJz4gvIL0YAcs5q8L4w6dUsFJZuw%2B91t80II%2BgKYqEk%2BlkI9m5l8vJ8StkggChq4IhmwcKRluP4MGsUyVL%2F6Y%2FV2o5uQMbafnvgjpXGfOAzJm%2BaZJSkMfQ9x%2B0bkTR8jSk7Qa%2B3lQVj2dT8ubqETRfJlPOq48%2FL0fLRgi7%2FrJ%2BUHXceLyGGTwd5O2d5Ffj4MmQhkVmSxTYsDFuEWT5%2BBL%7Ctkp%3ABk9SR9iS3_61Zg
205740061578,Rock'n'Roll Akustikgitarre Vorverstärker Sonicake Open Box,"CHF 71,58",https://www.ebay.ch/itm/205740061578?itmmeta=01K6QYQS52WZ8KMQTDXXV2QK9M&hash=item2fe710338a:g:eG8AAeSwpsZoqJXl&itmprp=enc%3AAQAKAAAAwMHg7L1Zz0LA5DYYmRTS30kIpanMkVsVzWm8vtAJCIoR6O9qhaAT2hTqHvWokq90qKIH7awi1gOvbhxTKb33ef6pRvqBiJo%2BFE7a%2BNKhDbPdHihWdyAgvdOuVO4DAqkHdrVawTwkDJYTiyc8LCK5VseDrOBZbniqrrW4AMJEeDXa3bTnJIggM%2BykJHU%2BQtTQaXmI3iJEnFBFc5TA7mMokyaHxRlvLCNMeIaguCxhbfPhP%2FkTq1ywHzsb9lo5xlsc8w%3D%3D%7Ctkp%3ABk9SR9iS3_61Zg
406183387575,Matte Sunburst massive Fichte Akustikgitarre Ebenholz Griffbrett Mahagoni Korpus,"CHF 288,57",https://www.ebay.ch/itm/406183387575?itmmeta=01K6QYQS52Z8N95H6EE6B1PHTP&hash=item5e926aa1b7:g:p6wAAeSwxUlot-er&itmprp=enc%3AAQAKAAAA4MHg7L1Zz0LA5DYYmRTS30mCoeD3MYG05x%2Bl9UxTAnoEgCDa10sdYn9sAoTK4wgZDx3dES%2FcAmn6tf%2FitQtd2xlAr0hVthKgmsjfYkwKteL6ohBTnv6JmrAx9Ot9K6EVmWSlZXIZhtTp3aQ8%2B4eE7ipIDVq7OzewlZlvk%2BSq8mq0hyinAj9ZEBrUV8LAeERLzXFBDOJMYlQBBvww9gwY2NiorF7OHzQxwsynvIGwFUyVQ2a7THTDMsMwCF5iwZ%2BIPmpggDw3SSh5GwchEaEZNmxDbGqYnJXX0adkXIqT9Ga3%7Ctkp%3ABFBM2JLf_rVm
146866740050,Yamaha FG-200 Akustikgitarre Vintage Green Label Made in Japan,"CHF 197,36",https://www.ebay.ch/itm/146866740050?itmmeta=01K6QYQS52H6CEX51X2J2F4K4B&hash=item2231f09b52:g:1vMAAeSwUAlo3VZU&itmprp=enc%3AAQAKAAAA4MHg7L1Zz0LA5DYYmRTS30nckEdmMvbyNCES4VdV8hHubhs5oNhhe19vOAgoWWeGFHbvClpIVF15syUUNOSsL07Uv%2Bw1uE%2FYsC3lMady7WlQQr7Km9PfY0G%2BVRh1jmC17qlULJ703UqnwVspDUXVCDfi82uNhbxjU1nf5fmDaCTNChBpotzqZH06zxxQtwX4O8yfjaQ0jpsYrC1lV7eJKtw9i1hUsX7yuIj%2Bx9B28X3ZgzU5Bt9CSzlmbQC44HVTiVeaCB1LQspymk3UU34jAacqZvZR2jUw7mCOtxLICPBq%7Ctkp%3ABFBM2JLf_rVm
135929461185,Maßgefertigte massive Fichtendecke natürliche Deluxe Akustikgitarre echte Abalone Schale Intarsien,"CHF 557,06",https://www.ebay.ch/itm/135929461185?itmmeta=01K6QYQS52QBNQBR5PS6MWEWF6&hash=item1fa606f9c1:g:IgUAAOSwfeBoQUbH&itmprp=enc%3AAQAKAAAA4MHg7L1Zz0LA5DYYmRTS30nZ8f9V%2BLqYzptFofChUAwn9DbN0M%2FLqx18G5p%2FrGHBY3MeLUI5qRCevnr3mvo233iS1SsfNTn6l2qinAPkPJ2WKV2evrG0pWUS8IMzgoSQPseiuzasl66sOLkxKkZif9oz7VriiLr2nrxEvNRYvoDbb7M5EWfYCVmAoZg8hof6jQnMPj0DUOG6tAtBrx20y%2BRrdO5r4UfTPiIG68VVQkrrPzNBDj5bVr9Ri5OXCCvmpnS%2BlhyGBoFpKgqzzwnrrEFpBCkkZbtmM5rrBJbWfGlv%7Ctkp%3ABFBM2JLf_rVm
397100650062,Vintage “Drifting and Dreaming” Parlor Guitar – 1930s/40s,"CHF 142,60",https://www.ebay.ch/itm/397100650062?itmmeta=01K6QYQS52CHZ9EHXHN9NAAAZ4&hash=item5c750b0e4e:g:inQAAeSwfSJo2IVX&itmprp=enc%3AAQAKAAAA4MHg7L1Zz0LA5DYYmRTS30lcPLisqq6vK5QBM1xpKge%2FqIXfdVcNxXkN11HQxzQLgPjxCEvaTqCrJ7oVgiKljomSsWo%2BaGSJqsTx18%2F2Lm%2FBBBn2NV0PUVzJZWBanwC4i%2BomqoIQY3WFMkKDIcDeEWPxyqHY7dTHf%2F39U5SpqdzRmUp%2BYDGV4%2FkByYk2dfznLUwq5w6qoS233V5Pu5nwyN1WT3WI6bH0Tecn2f13Qg3G92QozJR%2Fm7DCAcaSqXzvRHYJKQIAdm0YWs3G7ciD6pLoCiQQ43a8TNy4s2V6vUnD%7Ctkp%3ABFBM2JLf_rVm
127404510190,Gibson Vintage 1950's Guitar Mona-Steel Box Only #232,"CHF 8,75",https://www.ebay.ch/itm/127404510190?itmmeta=01K6QYQS52C5WBJ0CG9AD9RBJ1&hash=item1da9e68bee:g:R0oAAeSw33No2~vZ&itmprp=enc%3AAQAKAAAAwMHg7L1Zz0LA5DYYmRTS30nqkJ8S%2FO4E4cyCzvO%2FgMuOacS9ox9GcMd%2BCcLO6wZ82JcexwAdpHQB%2B0n2j9HGDgJOORK3rdKy1UhMSXrqH4upkZR1FUJwVixItMRfZvzeT6xhhzXB%2BdS1RV3566RXVjFi42bbntDEzvFLgUsNzEbD%2FsIFD%2FyEmYxtcc1qp0tEC%2BC6rUFyDO115%2Feb921tON%2FRAuOMx6lsKzG3NZwJNpsd%2BC2HusVFeJuqGRxXlaMS4A%3D%3D%7Ctkp%3ABk9SR9iS3_61Zg
317357555902,NEU HERREN NEW BALANCE 410V8 (410 V8) TRAILLAUFSCHUHE! SCHWARZ GRAU EXTRA BREIT,"CHF 44,92",https://www.ebay.ch/itm/317357555902?itmmeta=01K6QYQS52QS6BESHDD1475K2D&hash=item49e3fc00be:g:GUAAAOSwcL1lZQXJ&itmprp=enc%3AAQAKAAAA4MHg7L1Zz0LA5DYYmRTS30nNgMhwlBI9UvnPeWwOzCQvzZdyMsFazjxEBSft%2FNDfYf6Ul0jqWtuKLctw02YSJQ4LpP5NLaPeK3Qge8y2nC%2BHN50x4wEfoKhtFJFFjHhPf6m5bm7LQzIT%2Fy3VCMW2f2P%2Btv%2FNHWqULvVALyZapmEQs0QV6ht9fVaUXOXFd8YksX%2FAX6D2m%2FjCn9YA6mViMAU8gJbn%2B2EGVbQCxiHpiyr2%2FyDlVA9JQK%2BHRwDA0RgKClu3%2BnsDnMYhFkpnKzQQA3XPJoHp84b5hMTfPbFxCghL%7Ctkp%3ABk9SR9iS3_61Zg&var=615905953353
177461843091,NEUES ANGEBOTGUILD GF-55 1993 gebrauchte Akustikgitarre,"CHF 2.225,14",https://www.ebay.ch/itm/177461843091?itmmeta=01K6QYQS52FAW9TT8TE7NBT6CS&hash=item29518cd493:g:YxEAAeSwkZ1o4IUf&itmprp=enc%3AAQAKAAAAwMHg7L1Zz0LA5DYYmRTS30nM2RmzoCaJc4TzwtFZUEhFP1EWIv%2BjnLyyw48%2B1rivs44%2FJsDpGeFFdYBgraPtf1zyN0wXymdJKaIMD6t8lSmvPyq2n4DO7qGfqs%2FpWdNiWMmvXkehvlefaRmElhMQ%2B0dbN%2BTQhZ%2FP66e3mQQxqeKE42%2BoyVC%2BWzCE2Jh%2FJWNa0shorS0%2BGy5znI%2BO3mR5mcIeOX44U45%2Bi6IkrVyZDm2%2FWVliTWakwLpBofAT1thjTw%3D%3D%7Ctkp%3ABk9SR9qS3_61Zg
136280606623,Vintage 1960's Gibson B-15 Guitar Hang Tag / Case Booklet / Warranty Card,"CHF 79,58",https://www.ebay.ch/itm/136280606623?itmmeta=01K6QYQS52VQGA0YMYWMRTZN30&hash=item1fbaf5079f:g:5a4AAeSweaJo1FST&itmprp=enc%3AAQAKAAAAwMHg7L1Zz0LA5DYYmRTS30nWG3LTKfaDoegQ%2FO1VPVBpcp77WviN0%2BP%2Bcmx6UM8i0F%2FWFYfXMVCRbPVbLSyurhPRo%2B5O%2ByoWDbvfIBiX89pM9VAs%2BNdIiNldPwCwQgbafj7%2FlI7DEJY99dERmvgpyZZsIb7Re6T1%2BcLALrl1uO6%2BwP3iZ73zydVjvpFsq7d211l1Sq0JdNxf7uE%2FVPisrjm1PmH0Ku0%2FLMEgPsTGLHvpBKec4oOSZc4gsALYj0rQPQ%3D%3D%7Ctkp%3ABk9SR9qS3_61Zg
122566791904,Keelguard Megaware Bootsrumpfschutz Farbe wählen Größe Länge 4-12 Fuß Kielschutz,"CHF 96,80 bis CHF 215,97",https://www.ebay.ch/itm/122566791904?itmmeta=01K6QYQS529X62BQSZWR4QNKVA&hash=item1c898cd2e0:g:qAAAAOSwi8VZUTgg&itmprp=enc%3AAQAKAAAA4MHg7L1Zz0LA5DYYmRTS30lvVI74zh31pWwVOwPasoDKz0syC4fTpLrULGAJSEB2nB3JhJ7Us7SjZWWeQ%2BkeaXDIUq8kMZ892Qs5jwoeyLwMjZCp%2FxqpjtPILxsCBq9GvbUdIbxkFtJSh094TE%2BBB0uQVugHYgWveuhWZ802hznbYS%2F6LdF%2FLi19iAy83IWCxrj3XxSeCNbJctThOhlrAsoR3eDT1GEW4UK%2BfZdMfsm5qpefcaOLC%2F13THFfKvhhbf14d1iR5Q0BcMaOXgQU3TNO%2FEvjHsRIxCtFQjO7scQ9%7Ctkp%3ABk9SR9qS3_61Zg&var=422991459709
691360523,Yamaha FG830TBS Solid Top Dreadnought Akustikgitarre Tobacco Sunburst,"CHF 278,49",https://www.ebay.ch/p/Yamaha%2DFg830%2DFolk%2DDreadnought%2DAcoustic%2DGuitar%2DTobacco%2DSunburst/691360523?iid=177438842800
197727556226,"Schwarze Akustikgitarre SJ200 6 Saiten, ELVIS-Inlay, KEIN EQ kostenloser Versand","CHF 254,34",https://www.ebay.ch/itm/197727556226?itmmeta=01K6QYQS523F1J3YXHMC1HXY45&hash=item2e097b1282:g:EaAAAeSwgSto1nSt&itmprp=enc%3AAQAKAAAA4MHg7L1Zz0LA5DYYmRTS30kCK7ARmL%2BL45nbUNKsfkfMcaRdCCozOzwBcVKdjIcu6FyaArYugK%2F8EedAuSgjDmFBqz2DrEZSBokPqAO8taLwxzoPu7HKKimSHp9eyq%2BLqt6UF3RuDyO7AnSRxmmtUQVrxiV7hlBwwKxkmmFQN19iROJA1010PRh51VhZkyfGQZ4lch0YgGgmeGYGy0TSQwfedwAcB%2FC9V0GEFzmwBCqlV5NKNBwfmXs7R4rRPWhzCxW5vQDVuNXAvigSjyD1o5RIcwgnkgkc0ABMgeiCQFKT%7Ctkp%3ABFBM2pLf_rVm
326788950819,Kontra Gitarre 15 String Contra double Bass Guitar Stauffer Wiener ca. 1910 rest,"CHF 1.401,64",https://www.ebay.ch/itm/326788950819?itmmeta=01K6QYQS52TRNW9K11PXVRFG42&hash=item4c1623ab23:g:IIIAAeSwLv9o1af-&itmprp=enc%3AAQAKAAAA4MHg7L1Zz0LA5DYYmRTS30kGUiBbZxxqCnQZ5hoemUEX0NNTFa2YU6A7rbvlBWyZeQiPZrwhKQbdVDdRNbDaml2dtzo6FUeW8JW4%2BUWXb0KiQDHVd4DE6tOG%2FHT7as8fyNNyxku8cqVRlZc6MH5hl%2Bomd6Y4UuUuAtgOMFDFPPM07XnDv8Wv6htI8D9swMUoZZXM1X6IrGMpt48EISC25f2tq%2B2iyCRFIRpkhuZn4k8CaVDeRhIZR4NNf5gvadsPEHmphD6XQyZM813HSuGD3pxpKVu47HE%2FKKPiwyWNSHST%7Ctkp%3ABFBM2pLf_rVm
167780514766,Hollister x Crocs Classic Unfurgettable Clog Pink Milk Damen Multi Größe NEU,"CHF 75,59",https://www.ebay.ch/itm/167780514766?itmmeta=01K6QYQS527PRW1FSPXK9SMC5C&hash=item27107f7bce:g:QY8AAeSwmGxowHWY&itmprp=enc%3AAQAKAAAA4MHg7L1Zz0LA5DYYmRTS30mJE0q%2FLkIsegRvX3SBSX6CHFSkraN3sF9IIcloKQa2GASxz%2B6yGZWTAzVroeyfTvv4zWKUQBi10QFwpwmMuJXXb6iN4kWITfdxM1BXfQ8s5niBiotf%2FlgbMoMsNQweSAgvkQAZczpAT5J5VcA4sClqTbbnfOI26IB%2B7Fxs8NWEOyyRWc3r1OTs%2BZo2l77NCP%2F2XcC92PN4jaZpRcBvc%2Fh3bo5NAFosNPaFf6PA5BmQ5ST8SYBiRgp4bI%2F5hjq33wYct1Rsrk0eLI0MkTt54rrI%7Ctkp%3ABk9SR9qS3_61Zg&var=467357854331
1601357980,"Skeg Guard Schutz Ersatz Quecksilber 135, 155, 175, 200 2-Takt 2000-2005","CHF 79,57",https://www.ebay.ch/p/Megaware%2D27061%2DSKEGGUARD%2DStainless%2DSteel%2DReplacement%2DSkeg/1601357980?iid=132949584879
187620913040,NEUES ANGEBOTGibson 1958 J-200 1996 gebrauchte Akustikgitarre,"CHF 3.500,19",https://www.ebay.ch/itm/187620913040?itmmeta=01K6QYQS52AWKPTW3Z580V8T1W&hash=item2baf13ef90:g:q7sAAeSw7Uho4IWD&itmprp=enc%3AAQAKAAAAwMHg7L1Zz0LA5DYYmRTS30m%2FVrKv6nGfauz7wi8W0rtQTQ6b3CxOShELMYGdTc8INtL%2B0QyIo01u0%2BeXo3fWLFW9Yp672fOPuhdLwTgaupEI7i5LOYukxvIcrmKq7QlLLB2pRbIg0RhBhWtFn3iWELzQN6TFpmkkXIuxiQSeZWRhSIX9raY9q4vIAlL8pnRKs6reDrdeZUizkgKBaafzgjVyAs%2Bbi3ERxbyJlS50Z110oGuHpLxnPgt5pKHK9yRprg%3D%3D%7Ctkp%3ABk9SR9qS3_61Zg
205748340762,Solo Tasche Akustikgitarre Übungswerkzeug Akkordtrainer schwarz 6 Saiten Tasche,"CHF 19,89",https://www.ebay.ch/itm/205748340762?itmmeta=01K6QYQS52E67SVS9CDJB2JBG3&hash=item2fe78e881a:g:qagAAeSwYepo1wVQ&itmprp=enc%3AAQAKAAAA4MHg7L1Zz0LA5DYYmRTS30n%2B7F65NAz30F5%2BL%2FLcxMUUXFiCMNaIca655rG2lmw2dUOj2PjxzVnG35aE4pkKcwYV35We7x7tssXb0yQSRoyehlDG3--FH1y5KROiS6EXcrACeMTzt%2BEvRwuFo7%2FPyAj2AqgH27YrOXPf63%2FqDyYQUF%2BWIvb34%2BYOFrN47eob1SEHEQXJqpFeTxg8DgHICwIRM6GXBtAZfydctgbhcfETVov64H9ySZa4clw3NEt8wSjSunJAqSBtfcbJNW%2BVagzoiwrTMK0bO62%2F73mdfFsO%7Ctkp%3ABk9SR9qS3_61Zg
1836100203,Honda 35-40-45-50 4-Takt 1991-2011 Skeg Guard Protector Ersatz SkegGuard,"CHF 79,57",https://www.ebay.ch/p/Megaware%2DSKEGGUARD%2D27171%2DStainless%2DSteel%2DReplacement%2DSkeg/1836100203?iid=133503800112
187277039572,K. Yairi SWY-RO1 Akustikgitarre gebraucht,"CHF 1.321,92",https://www.ebay.ch/itm/187277039572?itmmeta=01K6QYQS52ND4VYZYYVHF6ZWG6&hash=item2b9a94d7d4:g:xnYAAeSwsetoO6~Y&itmprp=enc%3AAQAKAAAAwMHg7L1Zz0LA5DYYmRTS30mAEWFFx05D77OA3C6Q9tNretzgg7hbHlDzAYmG9uJCG0nZScqvIfZW8G%2F8Jmp36Nd6h5Fl6yUpGtOHSCH%2B%2FYLDfWamLxGLA5CaNUWThtU2OJ0wErAPgbrAq2EyC4m3Hq7AvghLUYatjGjl7xBYiURw%2FA8YwAu0VKpHaQbpWyB8PZ3U6q3xqPNnWshRXQZWgzaka4%2FPv5gdYVnG0HUa%2Fl3wb4GLFUf9iuP%2BSxaEr%2Fj5Nw%3D%3D%7Ctkp%3ABk9SR9qS3_61Zg
136529258498,D’Angelico Premier Bowery Akustik-/E-Gitarre - Trans Black Cherry Burst,"CHF 318,31",https://www.ebay.ch/itm/136529258498?itmmeta=01K6QYQS52BFRY6VJN3Z6DZ5KM&hash=item1fc9c72802:g:Rw0AAeSwLCZo2~2U&itmprp=enc%3AAQAKAAAAwMHg7L1Zz0LA5DYYmRTS30mMnE9KtHW1FRSRKikxOYta0HuOzq0iW81bx28zf4yV30rzDR4z%2BqE7jDWSGShQco%2BPzWSniiXOb5hRH3h3LSVZechrsmxT0kb3KLFYeOcz7e%2Fd%2BP4J8fBIInyW7RufaWUXrKINQBGWutnHOywK0R5Qwd2QM7SVPDxEm7P7WjMzgw1Q1HCnWneZX8tHs%2Bf2w7M%2BepSo10Q%2BuQCpVMVElm6M1xihJ1GzXtGkZMm0Ond92w%3D%3D%7Ctkp%3ABk9SR9qS3_61Zg
116527047351,Requinto Don Cortez L46 Sopran P.E. Etikett 117,"CHF 517,27",https://www.ebay.ch/itm/116527047351?itmmeta=01K6QYQS53495P10YH49S75P0T&hash=item1b218da2b7:g:QGcAAeSwPfRn2zcJ&itmprp=enc%3AAQAKAAAA4MHg7L1Zz0LA5DYYmRTS30mTv6yddxPbhxtT52C%2BGygFslR33CglwerJxdkY%2BOfU%2BCVYYCvtmLIsEkRJPmbtc9yILetFcI20sEvO69CRHah90Wk4%2FQHESzIEaw3K%2FvNpT%2BA0cO5Jnin8fhFZCjt37lBeX1rRqRKakn%2FPDJRoDgv22NTeX9erSVkgRopQb149AHjTiRQbAmzydb5xtG%2FFqAS3UqKlICKW%2FayVVe8NMhRtaT%2BY2Kcl7G9gdBgaGtRJnwWqsT0prIiHIoAn9NyWPC9QCWzG7cZZNLvTeFd9KqST%7Ctkp%3ABk9SR9yS3_61Zg
1203379007,"Recording King RPH-05 Solid Top Parlor Stahlsaiten-Akustikgitarre ""0"" mit Koffer","CHF 198,15",https://www.ebay.ch/p/Recording%2DKing%2DRph%2D05%2DSolid%2DTop%2DSteel%2DString%2DParlor%2D0%2DSize%2DAcoustic%2DGuitar/1203379007?iid=257127116816
187620913055,NEUES ANGEBOTMartin D-35 2008 gebrauchte Akustikgitarre,"CHF 2.565,57",https://www.ebay.ch/itm/187620913055?itmmeta=01K6QYQS53SCVKVNQ7B5VXJG4V&hash=item2baf13ef9f:g:VEcAAeSwyqlo4IXH&itmprp=enc%3AAQAKAAAAwMHg7L1Zz0LA5DYYmRTS30nv9EzClvBPV4amLJ8Ueb5p4zgUxsTfiojVOcKvYtkbmp9HAxn6tZ95fEfRG9dgM22FApF2o23oUXJv7H%2FxXfxRz68weSu6gIyIyIkbqFYzqb6Dtzl%2BghyNMK%2FQ71vnxYt0wGpiLECkEkTTeIgeVSMnvZW25OlSpcGuiATiBFfQmrX4%2FUVTvF35tZcWm8Lu2m5fSzWo14Zu07WSbJgi7uD73OG2VCJ1%2BAFWNsRTkcqMMA%3D%3D%7Ctkp%3ABk9SR9yS3_61Zg
127384330070,Appalachian All Koa Square Neck Resonator '16 Akustikgitarre,"CHF 3.439,45",https://www.ebay.ch/itm/127384330070?itmmeta=01K6QYQS53XCHV0R4MD6D90F78&hash=item1da8b29f56:g:jZUAAeSwO5hoz0lq&itmprp=enc%3AAQAKAAAAwMHg7L1Zz0LA5DYYmRTS30k%2BastoKiLic5%2FBbL8qC0kWLC9Y6tlpyaYNvFvLUMucEceCwBB4VUA79jCf0fGYUkufiBHufR9qMh%2BC%2FSt9u7NqKtrrOa%2BJf84M541Ny4DUI8l9ssQyoLDjQHJsDa8eoahXfnpREl7aG4QLcYVitePwrDyEe%2FiVMVcMZCZXdDnGWmt2uQ18w11mU62wb%2FhBkpSOzAoiW1cPQiSt%2BBez%2FmoroBxBkJb--rbJN5uO%2FvUSDQ%3D%3D%7Ctkp%3ABk9SR9yS3_61Zg
257136461947,Pink Daisy Rock Wildwood Modell 6260 Cutaway Akustikgitarre mit Gigbag,"CHF 118,57",https://www.ebay.ch/itm/257136461947?itmmeta=01K6QYQS53W4DE0FZN6TBH2BY5&hash=item3bde87087b:g:vWcAAeSwY~Fo3Dxk&itmprp=enc%3AAQAKAAAA4MHg7L1Zz0LA5DYYmRTS30lF20JSjOWfXW4Yol7w6ghaQOZnR6oiEVlWuKSnxMncg0it5A8EXVvFHHc42rI5whwDHGMy9xiS67VZSKHCIlvEoCDfX1ybcHGIQj7sEI7apbDkmrMSNRHNlUq3QDAgTT2yMP8%2FDvadVxK8AEmHKRBJ8Z7TWCmZagAkAj6bhkiGnsCBxFEF8TjcwytE2U31y3ASiQirdFH1Q%2BAieqFlhoOpyawsB0sHDXfBcWY%2Bnp13Nc%2B5gnrFCCdUyOw7Q22B8XYu5R2gNyn4Udc8OZXVvMrj%7Ctkp%3ABk9SR9yS3_61Zg
267395998038,Johnson JG-100 volle Größe Folk Stahlsaiten Akustik Student Gitarre pink,"CHF 78,78",https://www.ebay.ch/itm/267395998038?itmmeta=01K6QYQS53CB1FW3FTKJDH595T&hash=item3e420b2156:g:0Y4AAOSwzUpoBo2E&itmprp=enc%3AAQAKAAAAwMHg7L1Zz0LA5DYYmRTS30kzJQVa58BlIaS3vu%2BuBF0vr3UtNHs4bpNPeae%2BHMalyz4TwQOe%2Fd8S4hxVerSrKhN91SJy9PL4ZYPiS1Cnpa8hwzA3zv9NdwIVM3%2F5B12pwYe5KHpYp%2FRR9LHfMDWw1ldAuSyvMOzJSwWVhVGh6mB%2BBjKVcw6oZIRS0RFpgIZAzyOaxcQLrtHrC34Enar3rUJcVJwMTDd5LG8%2B0%2FXaxxE9Sy4WFTFoJ3GS4XerUqzLBQ%3D%3D%7Ctkp%3ABk9SR9yS3_61Zg
365874503494,Gebrauchter Martin DE Retro Plus Mahagoni Akustik-Elektrisch - Natur,"CHF 1.192,90",https://www.ebay.ch/itm/365874503494?itmmeta=01K6QYQS53228FP64N89J24JHF&hash=item552fd1df46:g:EMYAAeSwJKpozuPJ&itmprp=enc%3AAQAKAAAA4MHg7L1Zz0LA5DYYmRTS30lTDOR6CbWJAJdOuEd5zvg0v9LIYVNgbbnxrfgwJHyh7U83%2Bs5Pg%2B9aZnpxCXechLzdUj1QMTl0OmzyWkDSEo2LnaCEfiHMtaYNVuInuSFYbDX26Pp%2BRDvc2yM3YY4eXiPyluDO93af1u6DA5%2FoPe3b6QFpbdptHtenx%2BEb87K6oKBsV%2FnhwvFVqVMVO7eQIk33DC6MO9HcCvWT3C1zV2pAYWH2f4Ow1Bge22GSCLldNgWzJfXYgHGAUiixJvVraSNM%2Borp%2FHDel4COAlH8IbsL%7Ctkp%3ABk9SR9yS3_61Zg
257019155738,Johnson JG-615 CE Dreadnought elektrische Akustik Cutaway Stahlsaite schwarz Gitarre,"CHF 99,48",https://www.ebay.ch/itm/257019155738?itmmeta=01K6QYQS53VBKQSDHR3ZRJJ316&hash=item3bd789151a:g:Wn8AAeSwphRod7y3&itmprp=enc%3AAQAKAAAAwMHg7L1Zz0LA5DYYmRTS30kT2bflXE%2Bbrutin3H5oLIiu00dstuZ5EEPvS9nYLVv5MBKo3DqNogB9sNLefmqaN9OfAH%2BbxDe4EiaAR%2BVHC5jCTdCbIwG5GCMYymAO3pSV00S7t3TMUPyj1sfiW1vnGJV48webxBnHFbryJ%2FjKcSfx3%2FynHC8C7%2BQLViEwEAJdUkrf0QHWTPcU8LXtv2NZ%2FCOL6RmZ9yv4b952TiXLguDQ0BKzHg5i72O85CD0K1iRQ%3D%3D%7Ctkp%3ABk9SR9yS3_61Zg
267419892241,Lucida LK-2 volle Größe klassische Nylonsaite Akustik Student Folk Gitarre,"CHF 78,78",https://www.ebay.ch/itm/267419892241?itmmeta=01K6QYQS53HXCMNF1BAP2SKBHH&hash=item3e4377ba11:g:ZRcAAOSwaR9oJN8J&itmprp=enc%3AAQAKAAAA4MHg7L1Zz0LA5DYYmRTS30l6ers4jvnc7y%2FFWqwALwstIOL6E3Q4MaNheQdGUiG83CbJ5DOKOS9BcOBVMhFXCDrux6qPN3g3K3Cg%2FRO4SYPns%2FmMAeiYaF1GkQbOzRs9ghg7nBfZytOeGgExMNO%2BjUZiD93n2usvvy3PRzUa6EzWwODNfuRihvh2e%2BQWDq5zzR%2FbqDTZ6B1KTT0fSoAcEe7BN%2BKkU%2B%2FXk43yC%2B1SR9uJbJ8%2BGmumcGb%2B9XGl2MZ8bSaUkzYgqEfSYdrcm4CC2E3ttOimMem4KegoAOyuyJ%2F0%7Ctkp%3ABk9SR9yS3_61Zg
226398594996,"Furch LJ 10 CM Little Jane Reisegitarre Zederndecke, Mahagoni B&S","CHF 1.321,82",https://www.ebay.ch/itm/226398594996?itmmeta=01K6QYQS53V9MMSTAFRFJFRQVY&hash=item34b66867b4:g:PfMAAeSwcGJo2Due&itmprp=enc%3AAQAKAAAA4MHg7L1Zz0LA5DYYmRTS30nKmz5L0cETEH9ff6PKVzRYkOBohHk1IgwrNzlAXpY86RjS7g%2FN72mCjN6sjpax%2FQhYZghkSCg8cTnQTKZt8BVMMf01dBn1SnFjVTDWxO2J08K9e%2B3xB2hQ2XdBIioOTn8BbMyMbV0qCrGtf7iIWc4eOLgADjBbVO1lvZutdapk6%2FiWBbd7iDulNgdUvUqAcU0uqEMXa4txWAKeW3FekKN%2F5zfVfG%2Be1sk1YAYRkD6IurZClwxZojLwKrLXQWaxhKt9Me9LGc318QLfz4BrBXPP%7Ctkp%3ABk9SR9yS3_61Zg
326793723585,Vintage Alvarez 1977 5040 Acoustic Yairi mit Koffer! Repariert schön!,"CHF 214,07",https://www.ebay.ch/itm/326793723585?itmmeta=01K6QYQS537YGPPQ6PTJMXYZ63&hash=item4c166c7ec1:g:dLAAAeSwhlNo1JWN&itmprp=enc%3AAQAKAAAAwMHg7L1Zz0LA5DYYmRTS30l6PlPrIlEGRqRuwZPFMcx8hWDSf4ljeoIN9nLDv3PzWKIfmbpfJ4ROcUU4dzM8lRFg%2FB%2B6Vbetx9vBrvhR%2B54HGh%2BRm8mosI4hh2SBFn%2F%2BSKI5gwENNkjxnwB3PHf5SlauANSzXYv0iko3qG87gZ9KMMGZav4VIjL4u5e1rhbkY%2BdxRh3J2s2JmidfWMP9cDzSL5h1X08tl3BPNHEVTV5qYTAlE8GA7RjJGx2j%2BQvXiA%3D%3D%7Ctkp%3ABk9SR9yS3_61Zg
405847662553,41 Zoll D Typ massive Fichtendecke Akustikgitarre Palisander Korpus und Griffbrett,"CHF 256,38",https://www.ebay.ch/itm/405847662553?itmmeta=01K6QYQS534KD8HYYBBJD9ZEAE&hash=item5e7e67dfd9:g:teUAAOSwFIhoHL~h&itmprp=enc%3AAQAKAAAA4MHg7L1Zz0LA5DYYmRTS30mFJl%2BWogh1KQu%2Bq9GmQVfxujooTNcJiehrZMTmlSfkPGf1kJzmbgxXSy024tpTF1tUqZiITck%2F4jonQSlmiInEAXLHJ10ZY3pCuDsaFdvZnneYp74jgIziPa1n6j%2BLAawgUkcRV5yEbJpNvsTAWSdZhmDCdEXQV7RquVyAad4qiSJDXbFC4O9OpDm9lE%2FKsUlaJWj53Ffih0ko3r2aw4g782lOXfmtILHnQA4%2BWbGu%2BtMfP0crHPAa%2B7RaXOywj4682UCJjvbgmdtlhBdkqfo6%7Ctkp%3ABFBM3JLf_rVm
175098517098,"Lap Steel Silent Gitarre, Okoume Korpus","CHF 127,32",https://www.ebay.ch/itm/175098517098?itmmeta=01K6QYQS538YBX5C27HQJG39CK&hash=item28c4af566a:g:s0QAAOSwQrViL7x4&itmprp=enc%3AAQAKAAAA4MHg7L1Zz0LA5DYYmRTS30ngcYJOnA1JsA%2BGvVRrs%2Bg1izyUg0E3jvEE%2FybVTsEmrAqHisTueGCBxTNMyRneOdJGjQX2gN3Yw1WzYJqufzHzvRN24ukTQCwd4awdpNb%2FhkjEb4GFSIf6wtzIHlx2%2FKcW2OnRJrBGJznuZh8hEaBfZpUgBdFAem6AQ8%2Fsch%2BwBkLuxtEUgPVNiMg%2FJ6m178apkOstk3lkp6wgZcllpJXVu0WNBGtOvBj3ealPJGTBuIxU56RqqLnrtacPClBFL1yXh3AnQMUjJOer6bcZNrbo%7Ctkp%3ABFBM3JLf_rVm
